Model,Date,Basin_Subb,Basin_Numb,Basin_Name,Basin_Su_1,ET,Pixel_Count
PTJPL,2016-06-01,4-005,4-005,ACTON VALLEY,ACTON VALLEY,34.534431,668
PTJPL,2016-06-01,6-010,6-010,ADOBE LAKE VALLEY,ADOBE LAKE VALLEY,,0
PTJPL,2016-06-01,1-054.01,1-054,ALEXANDER VALLEY,ALEXANDER VALLEY - ALEXANDER AREA,106.780163,39743
PTJPL,2016-06-01,1-054.02,1-054,ALEXANDER VALLEY,ALEXANDER VALLEY - CLOVERDALE AREA,126.366554,9502
PTJPL,2016-06-01,5-002.01,5-002,ALTURAS AREA,ALTURAS AREA - SOUTH FORK PITT RIVER,127.701259,159794
PTJPL,2016-06-01,5-002.02,5-002,ALTURAS AREA,ALTURAS AREA - WARM SPRINGS VALLEY,126.616836,74425
PTJPL,2016-06-01,5-010,5-010,AMERICAN VALLEY,AMERICAN VALLEY,152.391135,9746
PTJPL,2016-06-01,7-016,7-016,AMES VALLEY,AMES VALLEY,,0
PTJPL,2016-06-01,7-034,7-034,AMOS VALLEY,AMOS VALLEY,,0
PTJPL,2016-06-01,1-019,1-019,ANDERSON VALLEY,ANDERSON VALLEY,113.433467,5982
PTJPL,2016-06-01,1-049,1-049,ANNAPOLIS OHLSON RANCH FORMATION HIGHLANDS,ANNAPOLIS OHLSON RANCH FORMATION HIGHLANDS,124.845304,2353
PTJPL,2016-06-01,5-091,5-091,ANTELOPE CREEK,ANTELOPE CREEK,56.418692,1605
PTJPL,2016-06-01,6-044,6-044,ANTELOPE VALLEY,ANTELOPE VALLEY,87.868157,137884
PTJPL,2016-06-01,6-007,6-007,ANTELOPE VALLEY,ANTELOPE VALLEY,129.036235,48489
PTJPL,2016-06-01,3-034,3-034,ARROYO DE LA CRUZ VALLEY,ARROYO DE LA CRUZ VALLEY,84.14684,538
PTJPL,2016-06-01,2-031,2-031,ARROYO DEL HAMBRE VALLEY,ARROYO DEL HAMBRE VALLEY,,0
PTJPL,2016-06-01,4-007,4-007,ARROYO SANTA ROSA VALLEY,ARROYO SANTA ROSA VALLEY,99.231512,7870
PTJPL,2016-06-01,7-037,7-037,ARROYO SECO VALLEY,ARROYO SECO VALLEY,,0
PTJPL,2016-06-01,5-054,5-054,ASH VALLEY,ASH VALLEY,140.178672,12106
PTJPL,2016-06-01,6-026,6-026,AVAWATZ VALLEY,AVAWATZ VALLEY,,0
PTJPL,2016-06-01,3-020,3-020,A�O NUEVO AREA,A�O NUEVO AREA,64.453916,1877
PTJPL,2016-06-01,9-022,9-022,BATIQUITOS LAGOON VALLEY,BATIQUITOS LAGOON VALLEY,134.16129,620
PTJPL,2016-06-01,8-009,8-009,BEAR VALLEY,BEAR VALLEY,115.593607,219
PTJPL,2016-06-01,5-064,5-064,BEAR VALLEY,BEAR VALLEY,37.888235,510
PTJPL,2016-06-01,5-020,5-020,BERRYESSA VALLEY,BERRYESSA VALLEY,,0
PTJPL,2016-06-01,7-015,7-015,BESSEMER VALLEY,BESSEMER VALLEY,,0
PTJPL,2016-06-01,6-025,6-025,BICYCLE VALLEY,BICYCLE VALLEY,,0
PTJPL,2016-06-01,1-027,1-027,BIG LAGOON AREA,BIG LAGOON AREA,,0
PTJPL,2016-06-01,8-007,8-007,BIG MEADOWS VALLEY,BIG MEADOWS VALLEY,,0
PTJPL,2016-06-01,1-045,1-045,BIG RIVER VALLEY,BIG RIVER VALLEY,,0
PTJPL,2016-06-01,3-047,3-047,BIG SPRING AREA,BIG SPRING AREA,32.761438,918
PTJPL,2016-06-01,5-015,5-015,BIG VALLEY,BIG VALLEY,122.944932,41040
PTJPL,2016-06-01,5-004,5-004,BIG VALLEY,BIG VALLEY,127.662453,163109
PTJPL,2016-06-01,3-030,3-030,BITTER WATER VALLEY,BITTER WATER VALLEY,39.006073,7575
PTJPL,2016-06-01,6-013,6-013,BLACK SPRINGS VALLEY,BLACK SPRINGS VALLEY,,0
PTJPL,2016-06-01,5-092,5-092,BLANCHARD VALLEY,BLANCHARD VALLEY,50.704425,1130
PTJPL,2016-06-01,1-057,1-057,BODEGA BAY AREA,BODEGA BAY AREA,124.0,154
PTJPL,2016-06-01,7-024.01,7-024,BORREGO VALLEY,BORREGO VALLEY - BORREGO SPRINGS,87.38932,17397
PTJPL,2016-06-01,7-024.02,7-024,BORREGO VALLEY,BORREGO VALLEY - OCOTILLO WELLS,42.416667,12
PTJPL,2016-06-01,1-039,1-039,BRANSCOMB TOWN AREA,BRANSCOMB TOWN AREA,,0
PTJPL,2016-06-01,1-017,1-017,BRAY TOWN AREA,BRAY TOWN AREA,140.437647,4250
PTJPL,2016-06-01,6-008,6-008,BRIDGEPORT VALLEY,BRIDGEPORT VALLEY,124.628061,74902
PTJPL,2016-06-01,7-008,7-008,BRISTOL VALLEY,BRISTOL VALLEY,18.534221,7963
PTJPL,2016-06-01,5-080,5-080,BRITE VALLEY,BRITE VALLEY,68.614804,1324
PTJPL,2016-06-01,6-032,6-032,BROADWELL VALLEY,BROADWELL VALLEY,,0
PTJPL,2016-06-01,6-076,6-076,BROWN MOUNTAIN VALLEY,BROWN MOUNTAIN VALLEY,,0
PTJPL,2016-06-01,7-054,7-054,BUCK RIDGE FAULT VALLEY,BUCK RIDGE FAULT VALLEY,,0
PTJPL,2016-06-01,6-101,6-101,BULL FLAT,BULL FLAT,84.8125,48
PTJPL,2016-06-01,5-048,5-048,BURNEY CREEK VALLEY,BURNEY CREEK VALLEY,138.636748,6852
PTJPL,2016-06-01,5-017,5-017,BURNS VALLEY,BURNS VALLEY,84.965398,1734
PTJPL,2016-06-01,5-051,5-051,BUTTE CREEK VALLEY,BUTTE CREEK VALLEY,,0
PTJPL,2016-06-01,1-003,1-003,BUTTE VALLEY,BUTTE VALLEY,120.159868,149448
PTJPL,2016-06-01,6-081,6-081,BUTTE VALLEY,BUTTE VALLEY,,0
PTJPL,2016-06-01,6-070,6-070,CACTUS FLAT,CACTUS FLAT,,0
PTJPL,2016-06-01,7-007,7-007,CADIZ VALLEY,CADIZ VALLEY,,0
PTJPL,2016-06-01,6-090,6-090,CADY FAULT AREA,CADY FAULT AREA,,0
PTJPL,2016-06-01,9-006,9-006,CAHUILLA VALLEY,CAHUILLA VALLEY,44.41456,6250
PTJPL,2016-06-01,6-079,6-079,CALIFORNIA VALLEY,CALIFORNIA VALLEY,,0
PTJPL,2016-06-01,7-041,7-041,CALZONA VALLEY,CALZONA VALLEY,,0
PTJPL,2016-06-01,6-061,6-061,CAMEO AREA,CAMEO AREA,,0
PTJPL,2016-06-01,9-028,9-028,CAMPO VALLEY,CAMPO VALLEY,40.150794,126
PTJPL,2016-06-01,7-046,7-046,CANEBRAKE VALLEY,CANEBRAKE VALLEY,,0
PTJPL,2016-06-01,3-007,3-007,CARMEL VALLEY,CARMEL VALLEY,98.601404,1282
PTJPL,2016-06-01,3-018,3-018,CARPINTERIA,CARPINTERIA,83.03973,12283
PTJPL,2016-06-01,3-019,3-019,CARRIZO PLAIN,CARRIZO PLAIN,37.995426,22739
PTJPL,2016-06-01,6-006,6-006,CARSON VALLEY,CARSON VALLEY,139.48954,10516
PTJPL,2016-06-01,5-029,5-029,CASTAC LAKE VALLEY,CASTAC LAKE VALLEY,45.238771,846
PTJPL,2016-06-01,2-008,2-008,CASTRO VALLEY,CASTRO VALLEY,,0
PTJPL,2016-06-01,6-038,6-038,CAVES CANYON VALLEY,CAVES CANYON VALLEY,,0
PTJPL,2016-06-01,5-045,5-045,CAYTON VALLEY,CAYTON VALLEY,153.999765,4250
PTJPL,2016-06-01,3-038,3-038,CAYUCOS VALLEY,CAYUCOS VALLEY,,0
PTJPL,2016-06-01,7-043,7-043,CHEMEHUEVI VALLEY,CHEMEHUEVI VALLEY,,0
PTJPL,2016-06-01,7-032,7-032,CHOCOLATE VALLEY,CHOCOLATE VALLEY,14.820896,67
PTJPL,2016-06-01,3-005,3-005,CHOLAME VALLEY,CHOLAME VALLEY,42.348121,17718
PTJPL,2016-06-01,3-042,3-042,CHORRO VALLEY,CHORRO VALLEY,87.545174,1295
PTJPL,2016-06-01,5-061,5-061,CHROME TOWN AREA,CHROME TOWN AREA,90.381605,511
PTJPL,2016-06-01,7-005,7-005,CHUCKWALLA VALLEY,CHUCKWALLA VALLEY,57.332971,4604
PTJPL,2016-06-01,2-005,2-005,CLAYTON VALLEY,CLAYTON VALLEY,131.46319,652
PTJPL,2016-06-01,5-066,5-066,CLEAR LAKE CACHE FORMATION,CLEAR LAKE CACHE FORMATION,95.424468,940
PTJPL,2016-06-01,5-058,5-058,CLOVER VALLEY,CLOVER VALLEY,128.666252,1606
PTJPL,2016-06-01,7-021.03,7-021,COACHELLA VALLEY,COACHELLA VALLEY - DESERT HOT SPRINGS,110.51972,2713
PTJPL,2016-06-01,7-021.01,7-021,COACHELLA VALLEY,COACHELLA VALLEY - INDIO,100.921452,293745
PTJPL,2016-06-01,7-021.02,7-021,COACHELLA VALLEY,COACHELLA VALLEY - MISSION CREEK,97.831288,978
PTJPL,2016-06-01,7-021.04,7-021,COACHELLA VALLEY,COACHELLA VALLEY - SAN GORGONIO PASS,115.497191,356
PTJPL,2016-06-01,4-011.04,4-011,COASTAL PLAIN OF LOS ANGELES,COASTAL PLAIN OF LOS ANGELES - CENTRAL,126.827123,7005
PTJPL,2016-06-01,4-011.02,4-011,COASTAL PLAIN OF LOS ANGELES,COASTAL PLAIN OF LOS ANGELES - HOLLYWOOD,104.770898,323
PTJPL,2016-06-01,4-011.01,4-011,COASTAL PLAIN OF LOS ANGELES,COASTAL PLAIN OF LOS ANGELES - SANTA MONICA,120.761825,4186
PTJPL,2016-06-01,4-011.03,4-011,COASTAL PLAIN OF LOS ANGELES,COASTAL PLAIN OF LOS ANGELES - WEST COAST,129.646378,4058
PTJPL,2016-06-01,8-001,8-001,COASTAL PLAIN OF ORANGE COUNTY,COASTAL PLAIN OF ORANGE COUNTY,117.243256,23946
PTJPL,2016-06-01,9-033,9-033,COASTAL PLAIN OF SAN DIEGO,COASTAL PLAIN OF SAN DIEGO,116.100802,3492
PTJPL,2016-06-01,6-072,6-072,COLES FLAT,COLES FLAT,,0
PTJPL,2016-06-01,5-019,5-019,COLLAYOMI VALLEY,COLLAYOMI VALLEY,70.36515,3845
PTJPL,2016-06-01,7-055,7-055,COLLINS VALLEY,COLLINS VALLEY,,0
PTJPL,2016-06-01,4-010,4-010,CONEJO,CONEJO,120.578313,498
PTJPL,2016-06-01,7-011,7-011,COPPER MOUNTAIN VALLEY,COPPER MOUNTAIN VALLEY,,0
PTJPL,2016-06-01,3-002.01,3-002,CORRALITOS,CORRALITOS - PAJARO VALLEY,72.336225,109052
PTJPL,2016-06-01,3-002.02,3-002,CORRALITOS,CORRALITOS - PURISIMA HIGHLANDS,85.752155,464
PTJPL,2016-06-01,6-055,6-055,COSO VALLEY,COSO VALLEY,,0
PTJPL,2016-06-01,1-037,1-037,COTTONEVA CREEK VALLEY,COTTONEVA CREEK VALLEY,,0
PTJPL,2016-06-01,9-027,9-027,COTTONWOOD VALLEY,COTTONWOOD VALLEY,60.914286,70
PTJPL,2016-06-01,1-011,1-011,COVELO ROUND VALLEY,COVELO ROUND VALLEY,145.535542,36576
PTJPL,2016-06-01,6-091,6-091,COW HEAD LAKE VALLEY,COW HEAD LAKE VALLEY,135.735469,15639
PTJPL,2016-06-01,6-037,6-037,COYOTE LAKE VALLEY,COYOTE LAKE VALLEY,61.910494,972
PTJPL,2016-06-01,5-018,5-018,COYOTE VALLEY,COYOTE VALLEY,86.773952,6534
PTJPL,2016-06-01,7-029,7-029,COYOTE WELLS VALLEY,COYOTE WELLS VALLEY,7.225,80
PTJPL,2016-06-01,6-035,6-035,CRONISE VALLEY,CRONISE VALLEY,,0
PTJPL,2016-06-01,6-050,6-050,CUDDEBACK VALLEY,CUDDEBACK VALLEY,,0
PTJPL,2016-06-01,5-082,5-082,CUDDY CANYON VALLEY,CUDDY CANYON VALLEY,,0
PTJPL,2016-06-01,5-083,5-083,CUDDY RANCH AREA,CUDDY RANCH AREA,,0
PTJPL,2016-06-01,5-084,5-084,CUDDY VALLEY,CUDDY VALLEY,82.0625,16
PTJPL,2016-06-01,5-027,5-027,CUMMINGS VALLEY,CUMMINGS VALLEY,69.365754,11464
PTJPL,2016-06-01,3-013,3-013,CUYAMA VALLEY,CUYAMA VALLEY,63.302095,153773
PTJPL,2016-06-01,7-009,7-009,DALE VALLEY,DALE VALLEY,5.046053,152
PTJPL,2016-06-01,6-057,6-057,DARWIN VALLEY,DARWIN VALLEY,,0
PTJPL,2016-06-01,7-061,7-061,DAVIES VALLEY,DAVIES VALLEY,,0
PTJPL,2016-06-01,7-013.01,7-013,DEADMAN VALLEY,DEADMAN VALLEY - DEADMAN LAKE,,0
PTJPL,2016-06-01,7-013.02,7-013,DEADMAN VALLEY,DEADMAN VALLEY - SURPRISE SPRING,,0
PTJPL,2016-06-01,6-018,6-018,DEATH VALLEY,DEATH VALLEY,4.888889,18
PTJPL,2016-06-01,6-015,6-015,DEEP SPRINGS VALLEY,DEEP SPRINGS VALLEY,121.837795,635
PTJPL,2016-06-01,6-078,6-078,DENNING SPRING VALLEY,DENNING SPRING VALLEY,,0
PTJPL,2016-06-01,1-034,1-034,DINSMORES TOWN AREA,DINSMORES TOWN AREA,110.511628,86
PTJPL,2016-06-01,5-053,5-053,DIXIE VALLEY,DIXIE VALLEY,131.617434,11449
PTJPL,2016-06-01,2-040,2-040,DOWNTOWN,DOWNTOWN,,0
PTJPL,2016-06-01,5-049,5-049,DRY BURNEY CREEK VALLEY,DRY BURNEY CREEK VALLEY,,0
PTJPL,2016-06-01,3-029,3-029,DRY LAKE VALLEY,DRY LAKE VALLEY,47.614815,540
PTJPL,2016-06-01,6-095,6-095,DRY VALLEY,DRY VALLEY,,0
PTJPL,2016-06-01,6-096,6-096,EAGLE LAKE AREA,EAGLE LAKE AREA,,0
PTJPL,2016-06-01,7-033,7-033,EAST SALTON SEA,EAST SALTON SEA,84.041255,40262
PTJPL,2016-06-01,1-044,1-044,EDEN VALLEY,EDEN VALLEY,147.412938,1654
PTJPL,2016-06-01,1-010,1-010,EEL RIVER VALLEY,EEL RIVER VALLEY,109.123046,117785
PTJPL,2016-06-01,5-041,5-041,EGG LAKE VALLEY,EGG LAKE VALLEY,,0
PTJPL,2016-06-01,9-016,9-016,EL CAJON VALLEY,EL CAJON VALLEY,91.967742,31
PTJPL,2016-06-01,6-043,6-043,EL MIRAGE VALLEY,EL MIRAGE VALLEY,53.770502,3207
PTJPL,2016-06-01,5-062,5-062,ELK CREEK AREA,ELK CREEK AREA,85.041958,143
PTJPL,2016-06-01,8-004.02,8-004,ELSINORE,ELSINORE - BEDFORD-COLDWATER,129.553541,1158
PTJPL,2016-06-01,8-004.01,8-004,ELSINORE,ELSINORE - ELSINORE VALLEY,86.299065,107
PTJPL,2016-06-01,9-009,9-009,ESCONDIDO VALLEY,ESCONDIDO VALLEY,92.147059,34
PTJPL,2016-06-01,1-009,1-009,EUREKA PLAIN,EUREKA PLAIN,114.760246,18544
PTJPL,2016-06-01,6-016,6-016,EUREKA VALLEY,EUREKA VALLEY,,0
PTJPL,2016-06-01,1-022,1-022,FAIRCHILD SWAMP VALLEY,FAIRCHILD SWAMP VALLEY,,0
PTJPL,2016-06-01,5-005,5-005,FALL RIVER VALLEY,FALL RIVER VALLEY,138.752293,134098
PTJPL,2016-06-01,7-002,7-002,FENNER VALLEY,FENNER VALLEY,,0
PTJPL,2016-06-01,6-014,6-014,FISH LAKE VALLEY,FISH LAKE VALLEY,117.606137,14340
PTJPL,2016-06-01,3-053,3-053,FOOTHILL,FOOTHILL,82.685714,35
PTJPL,2016-06-01,1-021,1-021,FORT BRAGG TERRACE AREA,FORT BRAGG TERRACE AREA,116.692235,9530
PTJPL,2016-06-01,1-061,1-061,FORT ROSS TERRACE DEPOSITS,FORT ROSS TERRACE DEPOSITS,122.665738,1077
PTJPL,2016-06-01,6-046,6-046,FREMONT VALLEY,FREMONT VALLEY,43.944587,1949
PTJPL,2016-06-01,5-090,5-090,FUNKS CREEK,FUNKS CREEK,50.061318,3278
PTJPL,2016-06-01,1-032,1-032,GARBERVILLE TOWN AREA,GARBERVILLE TOWN AREA,127.58209,536
PTJPL,2016-06-01,1-020,1-020,GARCIA RIVER VALLEY,GARCIA RIVER VALLEY,111.674552,2790
PTJPL,2016-06-01,3-003.01,3-003,GILROY-HOLLISTER VALLEY,GILROY-HOLLISTER VALLEY - LLAGAS AREA,86.788604,76695
PTJPL,2016-06-01,3-003.05,3-003,GILROY-HOLLISTER VALLEY,GILROY-HOLLISTER VALLEY - NORTH SAN BENITO,71.087213,195075
PTJPL,2016-06-01,6-085,6-085,GOLD VALLEY,GOLD VALLEY,,0
PTJPL,2016-06-01,6-048,6-048,GOLDSTONE VALLEY,GOLDSTONE VALLEY,,0
PTJPL,2016-06-01,3-016,3-016,GOLETA,GOLETA,67.118927,3355
PTJPL,2016-06-01,5-001.02,5-001,GOOSE LAKE,GOOSE LAKE - FANDANGO VALLEY,132.71019,29126
PTJPL,2016-06-01,5-001.01,5-001,GOOSE LAKE,GOOSE LAKE - GOOSE VALLEY,128.390857,55936
PTJPL,2016-06-01,5-047,5-047,GOOSE VALLEY,GOOSE VALLEY,153.931255,15463
PTJPL,2016-06-01,6-077,6-077,GRASS VALLEY,GRASS VALLEY,,0
PTJPL,2016-06-01,6-094,6-094,GRASSHOPPER VALLEY,GRASSHOPPER VALLEY,131.605517,3734
PTJPL,2016-06-01,1-048,1-048,GRAVELLY VALLEY,GRAVELLY VALLEY,,0
PTJPL,2016-06-01,5-052,5-052,GRAYS VALLEY,GRAYS VALLEY,,0
PTJPL,2016-06-01,6-084,6-084,GREENWATER VALLEY,GREENWATER VALLEY,,0
PTJPL,2016-06-01,5-059,5-059,GRIZZLY VALLEY,GRIZZLY VALLEY,,0
PTJPL,2016-06-01,2-022,2-022,HALF MOON BAY TERRACE,HALF MOON BAY TERRACE,67.895338,9373
PTJPL,2016-06-01,1-015,1-015,HAPPY CAMP TOWN AREA,HAPPY CAMP TOWN AREA,139.949495,99
PTJPL,2016-06-01,6-047,6-047,HARPER VALLEY,HARPER VALLEY,67.88017,5658
PTJPL,2016-06-01,6-074,6-074,HARRISBURG FLATS,HARRISBURG FLATS,,0
PTJPL,2016-06-01,6-093,6-093,HARVEY VALLEY,HARVEY VALLEY,,0
PTJPL,2016-06-01,1-006,1-006,HAYFORK VALLEY,HAYFORK VALLEY,120.3939,3115
PTJPL,2016-06-01,7-048,7-048,HELENDALE FAULT VALLEY,HELENDALE FAULT VALLEY,,0
PTJPL,2016-06-01,8-006,8-006,HEMET LAKE VALLEY,HEMET LAKE VALLEY,,0
PTJPL,2016-06-01,3-031,3-031,HERNANDEZ VALLEY,HERNANDEZ VALLEY,57.264781,389
PTJPL,2016-06-01,1-036,1-036,HETTENSHAW VALLEY,HETTENSHAW VALLEY,114.167121,2202
PTJPL,2016-06-01,7-053,7-053,HEXIE MOUNTAIN AREA,HEXIE MOUNTAIN AREA,,0
PTJPL,2016-06-01,6-063,6-063,HIDDEN VALLEY,HIDDEN VALLEY,,0
PTJPL,2016-06-01,4-016,4-016,HIDDEN VALLEY,HIDDEN VALLEY,52.492169,3767
PTJPL,2016-06-01,5-016,5-016,HIGH VALLEY,HIGH VALLEY,84.140237,2781
PTJPL,2016-06-01,6-004,6-004,HONEY LAKE VALLEY,HONEY LAKE VALLEY,110.124735,188784
PTJPL,2016-06-01,1-029,1-029,HONEYDEW TOWN AREA,HONEYDEW TOWN AREA,125.12426,1183
PTJPL,2016-06-01,1-007,1-007,HOOPA VALLEY,HOOPA VALLEY,150.407878,787
PTJPL,2016-06-01,6-097,6-097,HORSE LAKE VALLEY,HORSE LAKE VALLEY,138.241292,4335
PTJPL,2016-06-01,5-040,5-040,HOT SPRINGS VALLEY,HOT SPRINGS VALLEY,126.746479,3266
PTJPL,2016-06-01,3-045,3-045,HUASNA VALLEY,HUASNA VALLEY,44.767677,3366
PTJPL,2016-06-01,5-060,5-060,HUMBUG VALLEY,HUMBUG VALLEY,133.89219,1178
PTJPL,2016-06-01,4-018,4-018,HUNGRY VALLEY,HUNGRY VALLEY,,0
PTJPL,2016-06-01,1-035,1-035,HYAMPOM VALLEY,HYAMPOM VALLEY,116.811508,504
PTJPL,2016-06-01,7-030,7-030,IMPERIAL VALLEY,IMPERIAL VALLEY,130.221134,1787557
PTJPL,2016-06-01,5-009,5-009,INDIAN VALLEY,INDIAN VALLEY,151.847149,44586
PTJPL,2016-06-01,6-054,6-054,INDIAN WELLS VALLEY,INDIAN WELLS VALLEY,66.655172,14616
PTJPL,2016-06-01,7-050,7-050,IRON RIDGE AREA,IRON RIDGE AREA,,0
PTJPL,2016-06-01,2-033,2-033,ISLAIS VALLEY,ISLAIS VALLEY,,0
PTJPL,2016-06-01,6-030,6-030,IVANPAH VALLEY,IVANPAH VALLEY,93.79085,918
PTJPL,2016-06-01,7-047,7-047,JACUMBA VALLEY,JACUMBA VALLEY,,0
PTJPL,2016-06-01,5-003,5-003,JESS VALLEY,JESS VALLEY,141.512581,15658
PTJPL,2016-06-01,7-018.01,7-018,JOHNSON VALLEY,JOHNSON VALLEY - SOGGY LAKE,8.833333,60
PTJPL,2016-06-01,7-018.02,7-018,JOHNSON VALLEY,JOHNSON VALLEY - UPPER JOHNSON VALLEY,,0
PTJPL,2016-06-01,5-086,5-086,JOSEPH CREEK,JOSEPH CREEK,124.403595,4673
PTJPL,2016-06-01,7-062,7-062,JOSHUA TREE,JOSHUA TREE,,0
PTJPL,2016-06-01,6-089,6-089,KANE WASH AREA,KANE WASH AREA,,0
PTJPL,2016-06-01,6-069,6-069,KELSO LANDER VALLEY,KELSO LANDER VALLEY,,0
PTJPL,2016-06-01,6-031,6-031,KELSO VALLEY,KELSO VALLEY,,0
PTJPL,2016-06-01,2-019,2-019,KENWOOD VALLEY,KENWOOD VALLEY,87.37945,5674
PTJPL,2016-06-01,5-025,5-025,KERN RIVER VALLEY,KERN RIVER VALLEY,88.687073,15077
PTJPL,2016-06-01,1-002.02,1-002,KLAMATH RIVER VALLEY,KLAMATH RIVER VALLEY - LOWER KLAMATH,110.979099,93343
PTJPL,2016-06-01,1-002.01,1-002,KLAMATH RIVER VALLEY,KLAMATH RIVER VALLEY - TULELAKE,116.671684,296556
PTJPL,2016-06-01,1-050,1-050,KNIGHTS VALLEY,KNIGHTS VALLEY,89.924611,7322
PTJPL,2016-06-01,5-007,5-007,LAKE ALMANOR VALLEY,LAKE ALMANOR VALLEY,141.485703,2623
PTJPL,2016-06-01,5-046,5-046,LAKE BRITTON AREA,LAKE BRITTON AREA,131.582766,441
PTJPL,2016-06-01,7-001,7-001,LANFAIR VALLEY,LANFAIR VALLEY,,0
PTJPL,2016-06-01,6-036.02,6-036,LANGFORD VALLEY,LANGFORD VALLEY - IRWIN,,0
PTJPL,2016-06-01,6-036.01,6-036,LANGFORD VALLEY,LANGFORD VALLEY - LANGFORD WELL LAKE,,0
PTJPL,2016-06-01,1-033,1-033,LARABEE VALLEY,LARABEE VALLEY,132.696682,211
PTJPL,2016-06-01,4-008,4-008,LAS POSAS VALLEY,LAS POSAS VALLEY,108.622404,90830
PTJPL,2016-06-01,5-057,5-057,LAST CHANCE CREEK VALLEY,LAST CHANCE CREEK VALLEY,,0
PTJPL,2016-06-01,7-014,7-014,LAVIC VALLEY,LAVIC VALLEY,,0
PTJPL,2016-06-01,1-012,1-012,LAYTONVILLE VALLEY,LAYTONVILLE VALLEY,135.549731,5017
PTJPL,2016-06-01,6-027,6-027,LEACH VALLEY,LEACH VALLEY,,0
PTJPL,2016-06-01,6-066,6-066,LEE FLAT,LEE FLAT,,0
PTJPL,2016-06-01,6-106,6-106,LITTLE ANTELOPE VALLEY,LITTLE ANTELOPE VALLEY,86.839256,1829
PTJPL,2016-06-01,5-065,5-065,LITTLE INDIAN VALLEY,LITTLE INDIAN VALLEY,45.333333,18
PTJPL,2016-06-01,1-013,1-013,LITTLE LAKE VALLEY,LITTLE LAKE VALLEY,131.121811,16230
PTJPL,2016-06-01,1-041,1-041,LITTLE VALLEY,LITTLE VALLEY,156.406685,718
PTJPL,2016-06-01,2-010,2-010,LIVERMORE VALLEY,LIVERMORE VALLEY,89.446439,31366
PTJPL,2016-06-01,2-038,2-038,LOBOS,LOBOS,115.15074,743
PTJPL,2016-06-01,3-006,3-006,LOCKWOOD VALLEY,LOCKWOOD VALLEY,52.781721,22966
PTJPL,2016-06-01,4-017,4-017,LOCKWOOD VALLEY,LOCKWOOD VALLEY,37.066667,120
PTJPL,2016-06-01,6-011,6-011,LONG VALLEY,LONG VALLEY,101.284966,28621
PTJPL,2016-06-01,5-044,5-044,LONG VALLEY,LONG VALLEY,,0
PTJPL,2016-06-01,6-104,6-104,LONG VALLEY,LONG VALLEY,111.682547,6486
PTJPL,2016-06-01,5-031,5-031,LONG VALLEY,LONG VALLEY,66.235748,2719
PTJPL,2016-06-01,5-070,5-070,LOS BANOS CREEK VALLEY,LOS BANOS CREEK VALLEY,,0
PTJPL,2016-06-01,3-008.01,3-008,LOS OSOS VALLEY,LOS OSOS VALLEY - LOS OSOS AREA,91.45292,1901
PTJPL,2016-06-01,3-008.02,3-008,LOS OSOS VALLEY,LOS OSOS VALLEY - WARDEN CREEK,98.109563,4235
PTJPL,2016-06-01,7-051,7-051,LOST HORSE VALLEY,LOST HORSE VALLEY,,0
PTJPL,2016-06-01,6-071,6-071,LOST LAKE VALLEY,LOST LAKE VALLEY,,0
PTJPL,2016-06-01,6-021,6-021,LOWER KINGSTON VALLEY,LOWER KINGSTON VALLEY,,0
PTJPL,2016-06-01,1-014,1-014,LOWER KLAMATH RIVER VALLEY,LOWER KLAMATH RIVER VALLEY,134.076979,1377
PTJPL,2016-06-01,5-030,5-030,LOWER LAKE VALLEY,LOWER LAKE VALLEY,84.140157,635
PTJPL,2016-06-01,1-038,1-038,LOWER LAYTONVILLE VALLEY,LOWER LAYTONVILLE VALLEY,108.817967,423
PTJPL,2016-06-01,6-040,6-040,LOWER MOJAVE RIVER VALLEY,LOWER MOJAVE RIVER VALLEY,155.119482,17375
PTJPL,2016-06-01,1-060,1-060,LOWER RUSSIAN RIVER VALLEY,LOWER RUSSIAN RIVER VALLEY,106.736659,5453
PTJPL,2016-06-01,7-019,7-019,LUCERNE VALLEY,LUCERNE VALLEY,48.529813,9962
PTJPL,2016-06-01,1-008.02,1-008,MAD RIVER VALLEY,MAD RIVER VALLEY - DOWS PRAIRIE SCHOOL AREA,132.697574,5112
PTJPL,2016-06-01,1-008.01,1-008,MAD RIVER VALLEY,MAD RIVER VALLEY - MAD RIVER LOWLAND,124.838147,25622
PTJPL,2016-06-01,6-002,6-002,MADELINE PLAINS,MADELINE PLAINS,116.39179,97657
PTJPL,2016-06-01,3-051,3-051,MAJORS CREEK,MAJORS CREEK,71.670227,749
PTJPL,2016-06-01,4-022,4-022,MALIBU VALLEY,MALIBU VALLEY,108.15,40
PTJPL,2016-06-01,6-064,6-064,MARBLE CANYON AREA,MARBLE CANYON AREA,,0
PTJPL,2016-06-01,2-039,2-039,MARINA,MARINA,,0
PTJPL,2016-06-01,6-067,6-067,MARTIS VALLEY,MARTIS VALLEY,105.682636,3444
PTJPL,2016-06-01,7-059,7-059,MASON VALLEY,MASON VALLEY,,0
PTJPL,2016-06-01,1-028,1-028,MATTOLE RIVER VALLEY,MATTOLE RIVER VALLEY,130.160529,2797
PTJPL,2016-06-01,5-035,5-035,MCCLOUD AREA,MCCLOUD AREA,141.13369,187
PTJPL,2016-06-01,5-095,5-095,MEADOW VALLEY,MEADOW VALLEY,143.673514,925
PTJPL,2016-06-01,7-017,7-017,MEANS VALLEY,MEANS VALLEY,10.047619,42
PTJPL,2016-06-01,6-029,6-029,MESQUITE VALLEY,MESQUITE VALLEY,153.584235,9058
PTJPL,2016-06-01,6-020,6-020,MIDDLE AMARGOSA VALLEY,MIDDLE AMARGOSA VALLEY,135.284404,109
PTJPL,2016-06-01,5-094,5-094,MIDDLE CREEK,MIDDLE CREEK,129.451852,135
PTJPL,2016-06-01,5-087,5-087,MIDDLE FORK FEATHER RIVER,MIDDLE FORK FEATHER RIVER,128.339009,646
PTJPL,2016-06-01,6-041,6-041,MIDDLE MOJAVE RIVER VALLEY,MIDDLE MOJAVE RIVER VALLEY,124.832925,3268
PTJPL,2016-06-01,6-080,6-080,MIDDLE PARK CANYON,MIDDLE PARK CANYON,,0
PTJPL,2016-06-01,5-085,5-085,MIL POTRERO AREA,MIL POTRERO AREA,88.732143,112
PTJPL,2016-06-01,9-014,9-014,MISSION VALLEY,MISSION VALLEY,141.779252,829
PTJPL,2016-06-01,5-011,5-011,MOHAWK VALLEY,MOHAWK VALLEY,144.142398,6531
PTJPL,2016-06-01,6-009,6-009,MONO VALLEY,MONO VALLEY,87.887029,239
PTJPL,2016-06-01,3-049,3-049,MONTECITO,MONTECITO,78.933728,1690
PTJPL,2016-06-01,7-020,7-020,MORONGO VALLEY,MORONGO VALLEY,42.809524,21
PTJPL,2016-06-01,3-041,3-041,MORRO VALLEY,MORRO VALLEY,88.403707,1241
PTJPL,2016-06-01,5-008,5-008,MOUNTAIN MEADOWS VALLEY,MOUNTAIN MEADOWS VALLEY,133.749675,23845
PTJPL,2016-06-01,1-056,1-056,McDOWELL VALLEY,McDOWELL VALLEY,109.28495,2804
PTJPL,2016-06-01,2-002.01,2-002,NAPA-SONOMA VALLEY,NAPA-SONOMA VALLEY - NAPA VALLEY,106.759977,93416
PTJPL,2016-06-01,2-002.03,2-002,NAPA-SONOMA VALLEY,NAPA-SONOMA VALLEY - NAPA-SONOMA LOWLANDS,100.245927,23572
PTJPL,2016-06-01,2-002.02,2-002,NAPA-SONOMA VALLEY,NAPA-SONOMA VALLEY - SONOMA VALLEY,85.415742,80598
PTJPL,2016-06-01,1-046,1-046,NAVARRO RIVER VALLEY,NAVARRO RIVER VALLEY,,0
PTJPL,2016-06-01,3-052,3-052,NEEDLE ROCK POINT,NEEDLE ROCK POINT,75.79746,1575
PTJPL,2016-06-01,7-044,7-044,NEEDLES VALLEY,NEEDLES VALLEY,110.909496,16397
PTJPL,2016-06-01,5-050,5-050,NORTH FORK BATTLE CREEK,NORTH FORK BATTLE CREEK,122.350071,2808
PTJPL,2016-06-01,2-030,2-030,NOVATO VALLEY,NOVATO VALLEY,91.699233,14596
PTJPL,2016-06-01,7-025,7-025,OCOTILLO-CLARK VALLEY,OCOTILLO-CLARK VALLEY,84.121571,37509
PTJPL,2016-06-01,7-035,7-035,OGILBY VALLEY,OGILBY VALLEY,47.955317,3357
PTJPL,2016-06-01,4-002,4-002,OJAI VALLEY,OJAI VALLEY,113.262464,9327
PTJPL,2016-06-01,3-039,3-039,OLD VALLEY,OLD VALLEY,87.95122,205
PTJPL,2016-06-01,6-108,6-108,OLYMPIC VALLEY,OLYMPIC VALLEY,110.237624,303
PTJPL,2016-06-01,7-031,7-031,OROCOPIA VALLEY,OROCOPIA VALLEY,7.881988,161
PTJPL,2016-06-01,6-012.02,6-012,OWENS VALLEY,OWENS VALLEY - FISH SLOUGH,,0
PTJPL,2016-06-01,6-012.01,6-012,OWENS VALLEY,OWENS VALLEY - OWENS VALLEY,121.221188,93070
PTJPL,2016-06-01,6-088,6-088,OWL LAKE VALLEY,OWL LAKE VALLEY,,0
PTJPL,2016-06-01,6-028,6-028,PAHRUMP VALLEY,PAHRUMP VALLEY,,0
PTJPL,2016-06-01,6-099,6-099,PAINTERS FLAT,PAINTERS FLAT,85.945278,1133
PTJPL,2016-06-01,7-039,7-039,PALO VERDE MESA,PALO VERDE MESA,116.278164,161308
PTJPL,2016-06-01,7-038,7-038,PALO VERDE VALLEY,PALO VERDE VALLEY,126.626081,224174
PTJPL,2016-06-01,9-024,9-024,PAMO VALLEY,PAMO VALLEY,,0
PTJPL,2016-06-01,6-058,6-058,PANAMINT VALLEY,PANAMINT VALLEY,,0
PTJPL,2016-06-01,5-023,5-023,PANOCHE VALLEY,PANOCHE VALLEY,38.787894,1966
PTJPL,2016-06-01,3-032,3-032,PEACH TREE VALLEY,PEACH TREE VALLEY,33.679811,1268
PTJPL,2016-06-01,1-030,1-030,PEPPERWOOD TOWN AREA,PEPPERWOOD TOWN AREA,101.848992,3523
PTJPL,2016-06-01,2-026,2-026,PESCADERO VALLEY,PESCADERO VALLEY,68.251401,2498
PTJPL,2016-06-01,2-001,2-001,PETALUMA VALLEY,PETALUMA VALLEY,91.668765,46221
PTJPL,2016-06-01,6-051,6-051,PILOT KNOB VALLEY,PILOT KNOB VALLEY,,0
PTJPL,2016-06-01,6-092,6-092,PINE CREEK VALLEY,PINE CREEK VALLEY,131.046875,64
PTJPL,2016-06-01,7-006,7-006,PINTO VALLEY,PINTO VALLEY,,0
PTJPL,2016-06-01,7-049,7-049,PIPES CANYON FAULT VALLEY,PIPES CANYON FAULT VALLEY,,0
PTJPL,2016-06-01,2-004,2-004,PITTSBURG PLAIN,PITTSBURG PLAIN,,0
PTJPL,2016-06-01,7-045,7-045,PIUTE VALLEY,PIUTE VALLEY,,0
PTJPL,2016-06-01,7-052,7-052,PLEASANT VALLEY,PLEASANT VALLEY,,0
PTJPL,2016-06-01,4-006,4-006,PLEASANT VALLEY,PLEASANT VALLEY,78.83169,33171
PTJPL,2016-06-01,5-038,5-038,PONDOSA TOWN AREA,PONDOSA TOWN AREA,,0
PTJPL,2016-06-01,5-068,5-068,POPE VALLEY,POPE VALLEY,96.083261,12659
PTJPL,2016-06-01,9-029,9-029,POTRERO VALLEY,POTRERO VALLEY,63.614555,371
PTJPL,2016-06-01,1-051,1-051,POTTER VALLEY,POTTER VALLEY,131.283254,20554
PTJPL,2016-06-01,9-013,9-013,POWAY VALLEY,POWAY VALLEY,,0
PTJPL,2016-06-01,3-044,3-044,POZO VALLEY,POZO VALLEY,42.399926,2713
PTJPL,2016-06-01,1-025,1-025,PRAIRIE CREEK AREA,PRAIRIE CREEK AREA,,0
PTJPL,2016-06-01,7-040,7-040,QUIEN SABE POINT VALLEY,QUIEN SABE POINT VALLEY,129.837571,708
PTJPL,2016-06-01,3-024,3-024,QUIEN SABE VALLEY,QUIEN SABE VALLEY,73.389371,11403
PTJPL,2016-06-01,6-062,6-062,RACE TRACK VALLEY,RACE TRACK VALLEY,,0
PTJPL,2016-06-01,3-046,3-046,RAFAEL VALLEY,RAFAEL VALLEY,33.0,1
PTJPL,2016-06-01,9-025,9-025,RANCHITA TOWN AREA,RANCHITA TOWN AREA,38.431818,44
PTJPL,2016-06-01,4-023,4-023,RAYMOND,RAYMOND,96.947583,1717
PTJPL,2016-06-01,6-024,6-024,RED PASS VALLEY,RED PASS VALLEY,,0
PTJPL,2016-06-01,1-018,1-018,RED ROCK VALLEY,RED ROCK VALLEY,121.595326,22680
PTJPL,2016-06-01,5-006.03,5-006,REDDING AREA,REDDING AREA - ANDERSON,150.487602,42951
PTJPL,2016-06-01,5-006.01,5-006,REDDING AREA,REDDING AREA - BOWMAN,148.847577,18219
PTJPL,2016-06-01,5-006.04,5-006,REDDING AREA,REDDING AREA - ENTERPRISE,134.234161,22476
PTJPL,2016-06-01,5-006.05,5-006,REDDING AREA,REDDING AREA - MILLVILLE,125.876569,9082
PTJPL,2016-06-01,5-006.06,5-006,REDDING AREA,REDDING AREA - SOUTH BATTLE CREEK,141.053245,7982
PTJPL,2016-06-01,1-026,1-026,REDWOOD CREEK AREA,REDWOOD CREEK AREA,136.676238,2403
PTJPL,2016-06-01,6-086,6-086,RHODES HILL AREA,RHODES HILL AREA,,0
PTJPL,2016-06-01,7-004,7-004,RICE VALLEY,RICE VALLEY,139.854604,619
PTJPL,2016-06-01,6-023,6-023,RIGGS VALLEY,RIGGS VALLEY,,0
PTJPL,2016-06-01,3-043,3-043,RINCONADA VALLEY,RINCONADA VALLEY,68.585827,2907
PTJPL,2016-06-01,5-043,5-043,ROCK PRAIRIE VALLEY,ROCK PRAIRIE VALLEY,,0
PTJPL,2016-06-01,6-056,6-056,ROSE VALLEY,ROSE VALLEY,,0
PTJPL,2016-06-01,2-028,2-028,ROSS VALLEY,ROSS VALLEY,,0
PTJPL,2016-06-01,5-036,5-036,ROUND VALLEY,ROUND VALLEY,119.652529,14312
PTJPL,2016-06-01,4-020,4-020,RUSSELL VALLEY,RUSSELL VALLEY,105.51145,131
PTJPL,2016-06-01,5-021.54,5-021,SACRAMENTO VALLEY,SACRAMENTO VALLEY - ANTELOPE,176.238027,37689
PTJPL,2016-06-01,5-021.53,5-021,SACRAMENTO VALLEY,SACRAMENTO VALLEY - BEND,122.028615,2621
PTJPL,2016-06-01,5-021.70,5-021,SACRAMENTO VALLEY,SACRAMENTO VALLEY - BUTTE,171.301211,817606
PTJPL,2016-06-01,5-021.52,5-021,SACRAMENTO VALLEY,SACRAMENTO VALLEY - COLUSA,156.062016,2198924
PTJPL,2016-06-01,5-021.51,5-021,SACRAMENTO VALLEY,SACRAMENTO VALLEY - CORNING,132.809333,348885
PTJPL,2016-06-01,5-021.56,5-021,SACRAMENTO VALLEY,SACRAMENTO VALLEY - LOS MOLINOS,157.256178,77700
PTJPL,2016-06-01,5-021.64,5-021,SACRAMENTO VALLEY,SACRAMENTO VALLEY - NORTH AMERICAN,138.51266,553454
PTJPL,2016-06-01,5-021.60,5-021,SACRAMENTO VALLEY,SACRAMENTO VALLEY - NORTH YUBA,169.528225,171444
PTJPL,2016-06-01,5-021.50,5-021,SACRAMENTO VALLEY,SACRAMENTO VALLEY - RED BLUFF,130.311049,175098
PTJPL,2016-06-01,5-021.66,5-021,SACRAMENTO VALLEY,SACRAMENTO VALLEY - SOLANO,126.396721,931583
PTJPL,2016-06-01,5-021.65,5-021,SACRAMENTO VALLEY,SACRAMENTO VALLEY - SOUTH AMERICAN,116.509163,248983
PTJPL,2016-06-01,5-021.61,5-021,SACRAMENTO VALLEY,SACRAMENTO VALLEY - SOUTH YUBA,152.417954,215148
PTJPL,2016-06-01,5-021.62,5-021,SACRAMENTO VALLEY,SACRAMENTO VALLEY - SUTTER,157.357106,862677
PTJPL,2016-06-01,5-021.57,5-021,SACRAMENTO VALLEY,SACRAMENTO VALLEY - VINA,156.388793,355464
PTJPL,2016-06-01,5-021.69,5-021,SACRAMENTO VALLEY,SACRAMENTO VALLEY - WYANDOTTE CREEK,117.186297,72218
PTJPL,2016-06-01,5-021.67,5-021,SACRAMENTO VALLEY,SACRAMENTO VALLEY - YOLO,131.351528,1423435
PTJPL,2016-06-01,3-004.01,3-004,SALINAS VALLEY,SALINAS VALLEY - 180/400 FOOT AQUIFER,83.267851,244875
PTJPL,2016-06-01,3-004.11,3-004,SALINAS VALLEY,SALINAS VALLEY - ATASCADERO AREA,61.763582,25586
PTJPL,2016-06-01,3-004.02,3-004,SALINAS VALLEY,SALINAS VALLEY - EAST SIDE AQUIFER,85.95008,155489
PTJPL,2016-06-01,3-004.04,3-004,SALINAS VALLEY,SALINAS VALLEY - FOREBAY AQUIFER,90.4248,261975
PTJPL,2016-06-01,3-004.09,3-004,SALINAS VALLEY,SALINAS VALLEY - LANGLEY AREA,66.089447,8396
PTJPL,2016-06-01,3-004.10,3-004,SALINAS VALLEY,SALINAS VALLEY - MONTEREY,89.673591,3033
PTJPL,2016-06-01,3-004.06,3-004,SALINAS VALLEY,SALINAS VALLEY - PASO ROBLES AREA,69.673656,339924
PTJPL,2016-06-01,3-004.08,3-004,SALINAS VALLEY,SALINAS VALLEY - SEASIDE,102.45283,1643
PTJPL,2016-06-01,3-004.05,3-004,SALINAS VALLEY,SALINAS VALLEY - UPPER VALLEY AQUIFER,84.492253,280181
PTJPL,2016-06-01,6-017,6-017,SALINE VALLEY,SALINE VALLEY,,0
PTJPL,2016-06-01,6-053,6-053,SALT WELLS VALLEY,SALT WELLS VALLEY,,0
PTJPL,2016-06-01,3-014,3-014,SAN ANTONIO CREEK VALLEY,SAN ANTONIO CREEK VALLEY,93.016243,63229
PTJPL,2016-06-01,3-028,3-028,SAN BENITO RIVER VALLEY,SAN BENITO RIVER VALLEY,65.276809,4187
PTJPL,2016-06-01,3-033,3-033,SAN CARPOFORO VALLEY,SAN CARPOFORO VALLEY,,0
PTJPL,2016-06-01,9-015,9-015,SAN DIEGO RIVER VALLEY,SAN DIEGO RIVER VALLEY,119.821773,1139
PTJPL,2016-06-01,9-012,9-012,SAN DIEGUITO CREEK,SAN DIEGUITO CREEK,138.685714,1610
PTJPL,2016-06-01,9-023,9-023,SAN ELIJO VALLEY,SAN ELIJO VALLEY,111.6,25
PTJPL,2016-06-01,7-027,7-027,SAN FELIPE VALLEY,SAN FELIPE VALLEY,46.405405,74
PTJPL,2016-06-01,4-012,4-012,SAN FERNANDO VALLEY,SAN FERNANDO VALLEY,113.383347,8431
PTJPL,2016-06-01,4-013,4-013,SAN GABRIEL VALLEY,SAN GABRIEL VALLEY,104.773061,9139
PTJPL,2016-06-01,2-024,2-024,SAN GREGORIO VALLEY,SAN GREGORIO VALLEY,67.653982,1130
PTJPL,2016-06-01,8-005,8-005,SAN JACINTO,SAN JACINTO,75.459719,135450
PTJPL,2016-06-01,5-022.05,5-022,SAN JOAQUIN VALLEY,SAN JOAQUIN VALLEY - CHOWCHILLA,132.822331,545902
PTJPL,2016-06-01,5-022.16,5-022,SAN JOAQUIN VALLEY,SAN JOAQUIN VALLEY - COSUMNES,103.590651,250879
PTJPL,2016-06-01,5-022.07,5-022,SAN JOAQUIN VALLEY,SAN JOAQUIN VALLEY - DELTA-MENDOTA,118.445579,2031921
PTJPL,2016-06-01,5-022.19,5-022,SAN JOAQUIN VALLEY,SAN JOAQUIN VALLEY - EAST CONTRA COSTA,123.48277,180148
PTJPL,2016-06-01,5-022.01,5-022,SAN JOAQUIN VALLEY,SAN JOAQUIN VALLEY - EASTERN SAN JOAQUIN,128.420897,1846604
PTJPL,2016-06-01,5-022.11,5-022,SAN JOAQUIN VALLEY,SAN JOAQUIN VALLEY - KAWEAH,111.389795,1384373
PTJPL,2016-06-01,5-022.14,5-022,SAN JOAQUIN VALLEY,SAN JOAQUIN VALLEY - KERN COUNTY,113.637868,3709451
PTJPL,2016-06-01,5-022.17,5-022,SAN JOAQUIN VALLEY,SAN JOAQUIN VALLEY - KETTLEMAN PLAIN,25.146596,135911
PTJPL,2016-06-01,5-022.08,5-022,SAN JOAQUIN VALLEY,SAN JOAQUIN VALLEY - KINGS,122.388842,2980360
PTJPL,2016-06-01,5-022.06,5-022,SAN JOAQUIN VALLEY,SAN JOAQUIN VALLEY - MADERA,127.652666,953242
PTJPL,2016-06-01,5-022.04,5-022,SAN JOAQUIN VALLEY,SAN JOAQUIN VALLEY - MERCED,120.574606,1185008
PTJPL,2016-06-01,5-022.02,5-022,SAN JOAQUIN VALLEY,SAN JOAQUIN VALLEY - MODESTO,136.871331,583344
PTJPL,2016-06-01,5-022.10,5-022,SAN JOAQUIN VALLEY,SAN JOAQUIN VALLEY - PLEASANT VALLEY,58.675774,120709
PTJPL,2016-06-01,5-022.15,5-022,SAN JOAQUIN VALLEY,SAN JOAQUIN VALLEY - TRACY,112.315824,626628
PTJPL,2016-06-01,5-022.12,5-022,SAN JOAQUIN VALLEY,SAN JOAQUIN VALLEY - TULARE LAKE,107.881078,1573381
PTJPL,2016-06-01,5-022.13,5-022,SAN JOAQUIN VALLEY,SAN JOAQUIN VALLEY - TULE,94.253328,1579994
PTJPL,2016-06-01,5-022.03,5-022,SAN JOAQUIN VALLEY,SAN JOAQUIN VALLEY - TURLOCK,138.502607,1022516
PTJPL,2016-06-01,5-022.09,5-022,SAN JOAQUIN VALLEY,SAN JOAQUIN VALLEY - WESTSIDE,97.502641,2400602
PTJPL,2016-06-01,5-022.18,5-022,SAN JOAQUIN VALLEY,SAN JOAQUIN VALLEY - WHITE WOLF,110.670042,162939
PTJPL,2016-06-01,9-001,9-001,SAN JUAN VALLEY,SAN JUAN VALLEY,130.086708,2272
PTJPL,2016-06-01,3-009,3-009,SAN LUIS OBISPO VALLEY,SAN LUIS OBISPO VALLEY,84.889828,16683
PTJPL,2016-06-01,9-007.02,9-007,SAN LUIS REY VALLEY,SAN LUIS REY VALLEY - LOWER SAN LUIS REY VALLEY,133.111071,2764
PTJPL,2016-06-01,9-007.01,9-007,SAN LUIS REY VALLEY,SAN LUIS REY VALLEY - UPPER SAN LUIS REY VALLEY,131.789936,25597
PTJPL,2016-06-01,9-032,9-032,SAN MARCOS AREA,SAN MARCOS AREA,136.62963,27
PTJPL,2016-06-01,9-002,9-002,SAN MATEO VALLEY,SAN MATEO VALLEY,156.888889,9
PTJPL,2016-06-01,9-003,9-003,SAN ONOFRE VALLEY,SAN ONOFRE VALLEY,,0
PTJPL,2016-06-01,9-010,9-010,SAN PASQUAL VALLEY,SAN PASQUAL VALLEY,106.196645,7689
PTJPL,2016-06-01,2-036,2-036,SAN PEDRO VALLEY,SAN PEDRO VALLEY,89.5,24
PTJPL,2016-06-01,2-029,2-029,SAN RAFAEL VALLEY,SAN RAFAEL VALLEY,,0
PTJPL,2016-06-01,2-007,2-007,SAN RAMON VALLEY,SAN RAMON VALLEY,120.687831,378
PTJPL,2016-06-01,3-035,3-035,SAN SIMEON VALLEY,SAN SIMEON VALLEY,71.921296,216
PTJPL,2016-06-01,2-027,2-027,SAND POINT AREA,SAND POINT AREA,110.555534,20564
PTJPL,2016-06-01,1-053,1-053,SANEL VALLEY,SANEL VALLEY,125.532001,11812
PTJPL,2016-06-01,3-022,3-022,SANTA ANA VALLEY,SANTA ANA VALLEY,54.871333,7158
PTJPL,2016-06-01,3-017,3-017,SANTA BARBARA,SANTA BARBARA,76.070605,694
PTJPL,2016-06-01,4-004.05,4-004,SANTA CLARA RIVER VALLEY,SANTA CLARA RIVER VALLEY - FILLMORE,119.862992,50121
PTJPL,2016-06-01,4-004.03,4-004,SANTA CLARA RIVER VALLEY,SANTA CLARA RIVER VALLEY - MOUND,75.402569,9499
PTJPL,2016-06-01,4-004.02,4-004,SANTA CLARA RIVER VALLEY,SANTA CLARA RIVER VALLEY - OXNARD,80.387184,106479
PTJPL,2016-06-01,4-004.06,4-004,SANTA CLARA RIVER VALLEY,SANTA CLARA RIVER VALLEY - PIRU,88.314914,23073
PTJPL,2016-06-01,4-004.07,4-004,SANTA CLARA RIVER VALLEY,SANTA CLARA RIVER VALLEY - SANTA CLARA RIVER VALLEY EAST,88.592331,6807
PTJPL,2016-06-01,4-004.04,4-004,SANTA CLARA RIVER VALLEY,SANTA CLARA RIVER VALLEY - SANTA PAULA,112.423527,40609
PTJPL,2016-06-01,2-009.04,2-009,SANTA CLARA VALLEY,SANTA CLARA VALLEY - EAST BAY PLAIN,108.064236,2989
PTJPL,2016-06-01,2-009.01,2-009,SANTA CLARA VALLEY,SANTA CLARA VALLEY - NILES CONE,72.536572,1791
PTJPL,2016-06-01,2-009.03,2-009,SANTA CLARA VALLEY,SANTA CLARA VALLEY - SAN MATEO PLAIN,105.632548,1358
PTJPL,2016-06-01,2-009.02,2-009,SANTA CLARA VALLEY,SANTA CLARA VALLEY - SANTA CLARA,82.932028,25790
PTJPL,2016-06-01,3-001,3-001,SANTA CRUZ MID-COUNTY,SANTA CRUZ MID-COUNTY,83.286217,3976
PTJPL,2016-06-01,3-027,3-027,SANTA MARGARITA,SANTA MARGARITA,79.88255,298
PTJPL,2016-06-01,9-004,9-004,SANTA MARGARITA VALLEY,SANTA MARGARITA VALLEY,,0
PTJPL,2016-06-01,3-012.02,3-012,SANTA MARIA RIVER VALLEY,SANTA MARIA RIVER VALLEY - ARROYO GRANDE,63.437662,6176
PTJPL,2016-06-01,3-012.01,3-012,SANTA MARIA RIVER VALLEY,SANTA MARIA RIVER VALLEY - SANTA MARIA,86.95647,262096
PTJPL,2016-06-01,9-011,9-011,SANTA MARIA VALLEY,SANTA MARIA VALLEY,82.43199,3176
PTJPL,2016-06-01,6-068,6-068,SANTA ROSA FLAT,SANTA ROSA FLAT,,0
PTJPL,2016-06-01,3-036,3-036,SANTA ROSA VALLEY,SANTA ROSA VALLEY,77.335641,2744
PTJPL,2016-06-01,1-055.02,1-055,SANTA ROSA VALLEY,SANTA ROSA VALLEY - HEALDSBURG AREA,108.927263,31401
PTJPL,2016-06-01,1-055.03,1-055,SANTA ROSA VALLEY,SANTA ROSA VALLEY - RINCON VALLEY,90.358003,581
PTJPL,2016-06-01,1-055.01,1-055,SANTA ROSA VALLEY,SANTA ROSA VALLEY - SANTA ROSA PLAIN,97.734559,81016
PTJPL,2016-06-01,3-015,3-015,SANTA YNEZ RIVER VALLEY,SANTA YNEZ RIVER VALLEY,77.405046,118162
PTJPL,2016-06-01,1-005,1-005,SCOTT RIVER VALLEY,SCOTT RIVER VALLEY,143.99672,147258
PTJPL,2016-06-01,5-014,5-014,SCOTTS VALLEY,SCOTTS VALLEY,135.076606,7271
PTJPL,2016-06-01,6-052,6-052,SEARLES VALLEY,SEARLES VALLEY,,0
PTJPL,2016-06-01,6-100,6-100,SECRET VALLEY,SECRET VALLEY,99.328136,12379
PTJPL,2016-06-01,1-016,1-016,SEIAD VALLEY,SEIAD VALLEY,144.872437,439
PTJPL,2016-06-01,8-008,8-008,SEVEN OAKS VALLEY,SEVEN OAKS VALLEY,,0
PTJPL,2016-06-01,1-004,1-004,SHASTA VALLEY,SHASTA VALLEY,137.540822,257678
PTJPL,2016-06-01,1-042,1-042,SHERWOOD VALLEY,SHERWOOD VALLEY,,0
PTJPL,2016-06-01,5-012.02,5-012,SIERRA VALLEY,SIERRA VALLEY - CHILCOOT,115.820708,5505
PTJPL,2016-06-01,5-012.01,5-012,SIERRA VALLEY,SIERRA VALLEY - SIERRA VALLEY,125.91073,213275
PTJPL,2016-06-01,6-034,6-034,SILVER LAKE VALLEY,SILVER LAKE VALLEY,,0
PTJPL,2016-06-01,4-009,4-009,SIMI VALLEY,SIMI VALLEY,114.559753,1297
PTJPL,2016-06-01,6-105,6-105,SLINKARD VALLEY,SLINKARD VALLEY,,0
PTJPL,2016-06-01,1-001,1-001,SMITH RIVER PLAIN,SMITH RIVER PLAIN,142.936943,36364
PTJPL,2016-06-01,6-033,6-033,SODA LAKE VALLEY,SODA LAKE VALLEY,,0
PTJPL,2016-06-01,2-037,2-037,SOUTH SAN FRANCISCO,SOUTH SAN FRANCISCO,,0
PTJPL,2016-06-01,6-082,6-082,SPRING CANYON VALLEY,SPRING CANYON VALLEY,,0
PTJPL,2016-06-01,5-089,5-089,SQUAW FLAT,SQUAW FLAT,,0
PTJPL,2016-06-01,5-088,5-088,STONY GORGE RESERVOIR,STONY GORGE RESERVOIR,97.311203,964
PTJPL,2016-06-01,5-063,5-063,STONYFORD TOWN AREA,STONYFORD TOWN AREA,81.856624,3857
PTJPL,2016-06-01,2-003,2-003,SUISUN-FAIRFIELD VALLEY,SUISUN-FAIRFIELD VALLEY,77.580518,91868
PTJPL,2016-06-01,2-011,2-011,SUNOL VALLEY,SUNOL VALLEY,87.911836,1656
PTJPL,2016-06-01,6-049,6-049,SUPERIOR VALLEY,SUPERIOR VALLEY,,0
PTJPL,2016-06-01,6-001,6-001,SURPRISE VALLEY,SURPRISE VALLEY,124.329439,234180
PTJPL,2016-06-01,6-107,6-107,SWEETWATER FLAT,SWEETWATER FLAT,127.83642,324
PTJPL,2016-06-01,6-005.03,6-005,TAHOE VALLEY,TAHOE VALLEY - TAHOE NORTH,120.852381,210
PTJPL,2016-06-01,6-005.01,6-005,TAHOE VALLEY,TAHOE VALLEY - TAHOE SOUTH,106.969536,755
PTJPL,2016-06-01,6-005.02,6-005,TAHOE VALLEY,TAHOE VALLEY - TAHOE WEST,102.216374,171
PTJPL,2016-06-01,6-045,6-045,TEHACHAPI VALLEY EAST,TEHACHAPI VALLEY EAST,70.587872,3397
PTJPL,2016-06-01,5-028,5-028,TEHACHAPI VALLEY WEST,TEHACHAPI VALLEY WEST,62.919383,4540
PTJPL,2016-06-01,9-005,9-005,TEMECULA VALLEY,TEMECULA VALLEY,105.481064,20517
PTJPL,2016-06-01,1-040,1-040,TEN MILE RIVER VALLEY,TEN MILE RIVER VALLEY,126.129187,209
PTJPL,2016-06-01,7-026,7-026,TERWILLIGER VALLEY,TERWILLIGER VALLEY,54.857988,169
PTJPL,2016-06-01,4-019,4-019,THOUSAND OAKS AREA,THOUSAND OAKS AREA,126.963636,385
PTJPL,2016-06-01,4-015,4-015,TIERRA REJADA,TIERRA REJADA,84.836022,4092
PTJPL,2016-06-01,5-037,5-037,TOAD WELL AREA,TOAD WELL AREA,,0
PTJPL,2016-06-01,3-040,3-040,TORO VALLEY,TORO VALLEY,71.740541,370
PTJPL,2016-06-01,6-098,6-098,TULEDAD CANYON VALLEY,TULEDAD CANYON VALLEY,102.751613,310
PTJPL,2016-06-01,7-010,7-010,TWENTYNINE PALMS VALLEY,TWENTYNINE PALMS VALLEY,65.902276,747
PTJPL,2016-06-01,1-052,1-052,UKIAH VALLEY,UKIAH VALLEY,133.597341,43476
PTJPL,2016-06-01,6-022,6-022,UPPER KINGSTON VALLEY,UPPER KINGSTON VALLEY,,0
PTJPL,2016-06-01,5-013,5-013,UPPER LAKE VALLEY,UPPER LAKE VALLEY,127.239668,12413
PTJPL,2016-06-01,6-042,6-042,UPPER MOJAVE RIVER VALLEY,UPPER MOJAVE RIVER VALLEY,76.891079,6748
PTJPL,2016-06-01,4-001,4-001,UPPER OJAI VALLEY,UPPER OJAI VALLEY,61.191864,3294
PTJPL,2016-06-01,3-023,3-023,UPPER SANTA ANA VALLEY,UPPER SANTA ANA VALLEY,66.714286,7
PTJPL,2016-06-01,8-002.05,8-002,UPPER SANTA ANA VALLEY,UPPER SANTA ANA VALLEY - CAJON,55.947059,170
PTJPL,2016-06-01,8-002.01,8-002,UPPER SANTA ANA VALLEY,UPPER SANTA ANA VALLEY - CHINO,77.507914,29440
PTJPL,2016-06-01,8-002.02,8-002,UPPER SANTA ANA VALLEY,UPPER SANTA ANA VALLEY - CUCAMONGA,112.268657,670
PTJPL,2016-06-01,8-002.04,8-002,UPPER SANTA ANA VALLEY,UPPER SANTA ANA VALLEY - RIALTO-COLTON,77.459697,1253
PTJPL,2016-06-01,8-002.03,8-002,UPPER SANTA ANA VALLEY,UPPER SANTA ANA VALLEY - RIVERSIDE-ARLINGTON,114.667621,13966
PTJPL,2016-06-01,8-002.06,8-002,UPPER SANTA ANA VALLEY,UPPER SANTA ANA VALLEY - SAN BERNARDINO,115.477626,15554
PTJPL,2016-06-01,8-002.08,8-002,UPPER SANTA ANA VALLEY,UPPER SANTA ANA VALLEY - SAN TIMOTEO,109.885365,4667
PTJPL,2016-06-01,8-002.09,8-002,UPPER SANTA ANA VALLEY,UPPER SANTA ANA VALLEY - TEMESCAL,104.102959,845
PTJPL,2016-06-01,8-002.07,8-002,UPPER SANTA ANA VALLEY,UPPER SANTA ANA VALLEY - YUCAIPA,110.5,2858
PTJPL,2016-06-01,7-028,7-028,VALLECITO-CARRIZO VALLEY,VALLECITO-CARRIZO VALLEY,,0
PTJPL,2016-06-01,5-071,5-071,VALLECITOS CREEK VALLEY,VALLECITOS CREEK VALLEY,,0
PTJPL,2016-06-01,7-063,7-063,VANDEVENTER FLAT,VANDEVENTER FLAT,,0
PTJPL,2016-06-01,4-003.02,4-003,VENTURA RIVER VALLEY,VENTURA RIVER VALLEY - LOWER VENTURA RIVER,96.397516,1771
PTJPL,2016-06-01,4-003.01,4-003,VENTURA RIVER VALLEY,VENTURA RIVER VALLEY - UPPER VENTURA RIVER,94.833913,2300
PTJPL,2016-06-01,7-042,7-042,VIDAL VALLEY,VIDAL VALLEY,,0
PTJPL,2016-06-01,3-037,3-037,VILLA VALLEY,VILLA VALLEY,78.538642,854
PTJPL,2016-06-01,2-032,2-032,VISITACION VALLEY,VISITACION VALLEY,106.219101,178
PTJPL,2016-06-01,5-026,5-026,WALKER BASIN CREEK VALLEY,WALKER BASIN CREEK VALLEY,67.444653,6387
PTJPL,2016-06-01,7-003,7-003,WARD VALLEY,WARD VALLEY,,0
PTJPL,2016-06-01,9-008,9-008,WARNER VALLEY,WARNER VALLEY,93.102041,343
PTJPL,2016-06-01,7-012,7-012,WARREN VALLEY,WARREN VALLEY,109.634783,345
PTJPL,2016-06-01,1-031,1-031,WEOTT TOWN AREA,WEOTT TOWN AREA,112.455067,523
PTJPL,2016-06-01,7-022,7-022,WEST SALTON SEA,WEST SALTON SEA,,0
PTJPL,2016-06-01,3-026,3-026,WEST SANTA CRUZ TERRACE,WEST SANTA CRUZ TERRACE,79.365228,1599
PTJPL,2016-06-01,2-035,2-035,WESTSIDE,WESTSIDE,102.301267,3711
PTJPL,2016-06-01,6-073,6-073,WILD HORSE MESA AREA,WILD HORSE MESA AREA,,0
PTJPL,2016-06-01,6-075,6-075,WILDROSE CANYON,WILDROSE CANYON,,0
PTJPL,2016-06-01,1-043,1-043,WILLIAMS VALLEY,WILLIAMS VALLEY,147.002062,485
PTJPL,2016-06-01,6-003,6-003,WILLOW CREEK VALLEY,WILLOW CREEK VALLEY,140.662963,26463
PTJPL,2016-06-01,1-059,1-059,WILSON GROVE FORMATION HIGHLANDS,WILSON GROVE FORMATION HIGHLANDS,105.418623,70610
PTJPL,2016-06-01,1-062,1-062,WILSON POINT AREA,WILSON POINT AREA,147.444444,9
PTJPL,2016-06-01,6-019,6-019,WINGATE VALLEY,WINGATE VALLEY,,0
PTJPL,2016-06-01,7-056,7-056,YAQUI WELL AREA,YAQUI WELL AREA,,0
PTJPL,2016-06-01,5-056,5-056,YELLOW CREEK VALLEY,YELLOW CREEK VALLEY,130.130183,5861
PTJPL,2016-06-01,2-006,2-006,YGNACIO VALLEY,YGNACIO VALLEY,124.014815,405
PTJPL,2016-06-01,5-069,5-069,YOSEMITE VALLEY,YOSEMITE VALLEY,,0
PTJPL,2016-06-01,7-036,7-036,YUMA VALLEY,YUMA VALLEY,95.632968,66610
